,Unnamed: 0,question,answer,predictions,raw_results
0,0,What is the highest Total_Energy_Usage_YTD?,6485326.38,['6485326.38'],"{'answer': 'SUM > 6485326.38', 'coordinates': [(10, 1)], 'cells': ['6485326.38'], 'aggregator': 'SUM'}"
1,1,What is the lowest Total_Energy_Usage_YTD?,3370791.68,4368675.305,"{'answer': 'AVERAGE > 5366558.93, 3370791.68', 'coordinates': [(1, 1), (4, 1)], 'cells': ['5366558.93', '3370791.68'], 'aggregator': 'AVERAGE'}"
2,2,What is the sum of Total_Energy_Usage_YTD?,63709761.39,63709761.39,"{'answer': 'SUM > 6273119.56, 5366558.93, 3715358.6, 4938339.75, 3370791.68, 5657967.3, 5208297.59, 5890975.82, 5975943.35, 4618991.34, 6485326.38, 6208091.09', 'coordinates': [(0, 1), (1, 1), (2, 1), (3, 1), (4, 1), (5, 1), (6, 1), (7, 1), (8, 1), (9, 1), (10, 1), (11, 1)], 'cells': ['6273119.56', '5366558.93', '3715358.6', '4938339.75', '3370791.68', '5657967.3', '5208297.59', '5890975.82', '5975943.35', '4618991.34', '6485326.38', '6208091.09'], 'aggregator': 'SUM'}"
3,3,What is the average of Total_Energy_Usage_YTD?,5309146.78,5309146.7825,"{'answer': 'AVERAGE > 6273119.56, 5366558.93, 3715358.6, 4938339.75, 3370791.68, 5657967.3, 5208297.59, 5890975.82, 5975943.35, 4618991.34, 6485326.38, 6208091.09', 'coordinates': [(0, 1), (1, 1), (2, 1), (3, 1), (4, 1), (5, 1), (6, 1), (7, 1), (8, 1), (9, 1), (10, 1), (11, 1)], 'cells': ['6273119.56', '5366558.93', '3715358.6', '4938339.75', '3370791.68', '5657967.3', '5208297.59', '5890975.82', '5975943.35', '4618991.34', '6485326.38', '6208091.09'], 'aggregator': 'AVERAGE'}"
4,4,Which building has highest Total_Energy_Usage_YTD?,Union,['Union'],"{'answer': 'Union', 'coordinates': [(10, 0)], 'cells': ['Union'], 'aggregator': 'NONE'}"
5,5,Which building has lowest Total_Energy_Usage_YTD?,Wildlife Reserve,['Wildlife Reserve'],"{'answer': 'Wildlife Reserve', 'coordinates': [(4, 0)], 'cells': ['Wildlife Reserve'], 'aggregator': 'NONE'}"
6,6,Number of buildings more than 6368612 of Total_Energy_Usage_YTD?,1,1,"{'answer': 'COUNT > Union', 'coordinates': [(10, 0)], 'cells': ['Union'], 'aggregator': 'COUNT'}"
7,7,What are the buildings more than 6368612 of Total_Energy_Usage_YTD?,['Union'],['Union'],"{'answer': 'Union', 'coordinates': [(10, 0)], 'cells': ['Union'], 'aggregator': 'NONE'}"
8,8,What is the highest Total_Energy_Usage_MTD?,26017.35,['26017.35'],"{'answer': 'SUM > 26017.35', 'coordinates': [(6, 2)], 'cells': ['26017.35'], 'aggregator': 'SUM'}"
9,9,What is the lowest Total_Energy_Usage_MTD?,14343.5,['14343.5'],"{'answer': 'SUM > 14343.5', 'coordinates': [(1, 2)], 'cells': ['14343.5'], 'aggregator': 'SUM'}"
10,10,What is the sum of Total_Energy_Usage_MTD?,230654.62,230654.62,"{'answer': 'SUM > 18946.33, 14343.5, 15074.48, 18400.2, 20318.73, 16306.32, 26017.35, 18474.72, 23848.37, 24660.1, 17897.08, 16367.44', 'coordinates': [(0, 2), (1, 2), (2, 2), (3, 2), (4, 2), (5, 2), (6, 2), (7, 2), (8, 2), (9, 2), (10, 2), (11, 2)], 'cells': ['18946.33', '14343.5', '15074.48', '18400.2', '20318.73', '16306.32', '26017.35', '18474.72', '23848.37', '24660.1', '17897.08', '16367.44'], 'aggregator': 'SUM'}"
11,11,What is the average of Total_Energy_Usage_MTD?,19221.22,19221.218333333334,"{'answer': 'AVERAGE > 18946.33, 14343.5, 15074.48, 18400.2, 20318.73, 16306.32, 26017.35, 18474.72, 23848.37, 24660.1, 17897.08, 16367.44', 'coordinates': [(0, 2), (1, 2), (2, 2), (3, 2), (4, 2), (5, 2), (6, 2), (7, 2), (8, 2), (9, 2), (10, 2), (11, 2)], 'cells': ['18946.33', '14343.5', '15074.48', '18400.2', '20318.73', '16306.32', '26017.35', '18474.72', '23848.37', '24660.1', '17897.08', '16367.44'], 'aggregator': 'AVERAGE'}"
12,12,Which building has highest Total_Energy_Usage_MTD?,RLR Building,['RLR Building'],"{'answer': 'RLR Building', 'coordinates': [(6, 0)], 'cells': ['RLR Building'], 'aggregator': 'NONE'}"
13,13,Which building has lowest Total_Energy_Usage_MTD?,Library,['Library'],"{'answer': 'Library', 'coordinates': [(1, 0)], 'cells': ['Library'], 'aggregator': 'NONE'}"
14,14,Number of buildings more than 25270 of Total_Energy_Usage_MTD?,1,3,"{'answer': 'COUNT > LIMS2 Building, RLR Building, Social Sciences Building', 'coordinates': [(3, 0), (6, 0), (8, 0)], 'cells': ['LIMS2 Building', 'RLR Building', 'Social Sciences Building'], 'aggregator': 'COUNT'}"
15,15,What are the buildings more than 25270 of Total_Energy_Usage_MTD?,['RLR Building'],['RLR Building'],"{'answer': 'RLR Building', 'coordinates': [(6, 0)], 'cells': ['RLR Building'], 'aggregator': 'NONE'}"
16,16,What is the highest Total_Energy_Usage_WTD?,11953.11,['11953.11'],"{'answer': 'SUM > 11953.11', 'coordinates': [(8, 3)], 'cells': ['11953.11'], 'aggregator': 'SUM'}"
17,17,What is the lowest Total_Energy_Usage_WTD?,4039.28,['4039.28'],"{'answer': 'AVERAGE > 4039.28', 'coordinates': [(3, 3)], 'cells': ['4039.28'], 'aggregator': 'AVERAGE'}"
18,18,What is the sum of Total_Energy_Usage_WTD?,106141.54999999999,106141.54999999999,"{'answer': 'SUM > 11676.16, 9254.44, 7074.47, 4039.28, 11017.0, 8121.92, 9583.42, 9812.2, 11953.11, 5526.14, 10885.98, 7197.43', 'coordinates': [(0, 3), (1, 3), (2, 3), (3, 3), (4, 3), (5, 3), (6, 3), (7, 3), (8, 3), (9, 3), (10, 3), (11, 3)], 'cells': ['11676.16', '9254.44', '7074.47', '4039.28', '11017.0', '8121.92', '9583.42', '9812.2', '11953.11', '5526.14', '10885.98', '7197.43'], 'aggregator': 'SUM'}"
19,19,What is the average of Total_Energy_Usage_WTD?,8845.13,8845.129166666666,"{'answer': 'AVERAGE > 11676.16, 9254.44, 7074.47, 4039.28, 11017.0, 8121.92, 9583.42, 9812.2, 11953.11, 5526.14, 10885.98, 7197.43', 'coordinates': [(0, 3), (1, 3), (2, 3), (3, 3), (4, 3), (5, 3), (6, 3), (7, 3), (8, 3), (9, 3), (10, 3), (11, 3)], 'cells': ['11676.16', '9254.44', '7074.47', '4039.28', '11017.0', '8121.92', '9583.42', '9812.2', '11953.11', '5526.14', '10885.98', '7197.43'], 'aggregator': 'AVERAGE'}"
20,20,Which building has highest Total_Energy_Usage_WTD?,Social Sciences Building,['Social Sciences Building'],"{'answer': 'Social Sciences Building', 'coordinates': [(8, 0)], 'cells': ['Social Sciences Building'], 'aggregator': 'NONE'}"
21,21,Which building has lowest Total_Energy_Usage_WTD?,LIMS2 Building,['LIMS2 Building'],"{'answer': 'LIMS2 Building', 'coordinates': [(3, 0)], 'cells': ['LIMS2 Building'], 'aggregator': 'NONE'}"
22,22,Number of buildings more than 11800 of Total_Energy_Usage_WTD?,1,11,"{'answer': 'COUNT > John Scott Meeting House, LIMS 1, LIMS2 Building, Wildlife Reserve, Peribolos West Building, RLR Building, SPF Specialised Pathogen Facility, Social Sciences Building, Sylvia Walton Building, Union, Zoological Reserve', 'coordinates': [(0, 0), (2, 0), (3, 0), (4, 0), (5, 0), (6, 0), (7, 0), (8, 0), (9, 0), (10, 0), (11, 0)], 'cells': ['John Scott Meeting House', 'LIMS 1', 'LIMS2 Building', 'Wildlife Reserve', 'Peribolos West Building', 'RLR Building', 'SPF Specialised Pathogen Facility', 'Social Sciences Building', 'Sylvia Walton Building', 'Union', 'Zoological Reserve'], 'aggregator': 'COUNT'}"
23,23,What are the buildings more than 11800 of Total_Energy_Usage_WTD?,['Social Sciences Building'],['Social Sciences Building'],"{'answer': 'Social Sciences Building', 'coordinates': [(8, 0)], 'cells': ['Social Sciences Building'], 'aggregator': 'NONE'}"
24,24,What is the highest Cost_Difference_with_Baseline?,57084.96,['57084.96'],"{'answer': 'SUM > 57084.96', 'coordinates': [(1, 4)], 'cells': ['57084.96'], 'aggregator': 'SUM'}"
25,25,What is the lowest Cost_Difference_with_Baseline?,41397.15,['41397.15'],"{'answer': 'SUM > 41397.15', 'coordinates': [(7, 4)], 'cells': ['41397.15'], 'aggregator': 'SUM'}"
26,26,What is the sum of Cost_Difference_with_Baseline?,578398.77,['57084.96'],"{'answer': 'SUM > 57084.96', 'coordinates': [(1, 4)], 'cells': ['57084.96'], 'aggregator': 'SUM'}"
27,27,What is the average of Cost_Difference_with_Baseline?,48199.9,48199.8975,"{'answer': 'AVERAGE > 50703.44, 57084.96, 46679.24, 50030.22, 47574.59, 49467.53, 45893.34, 41397.15, 44898.91, 44587.4, 51646.93, 48435.06', 'coordinates': [(0, 4), (1, 4), (2, 4), (3, 4), (4, 4), (5, 4), (6, 4), (7, 4), (8, 4), (9, 4), (10, 4), (11, 4)], 'cells': ['50703.44', '57084.96', '46679.24', '50030.22', '47574.59', '49467.53', '45893.34', '41397.15', '44898.91', '44587.4', '51646.93', '48435.06'], 'aggregator': 'AVERAGE'}"
28,28,Which building has highest Cost_Difference_with_Baseline?,Library,['Library'],"{'answer': 'Library', 'coordinates': [(1, 0)], 'cells': ['Library'], 'aggregator': 'NONE'}"
29,29,Which building has lowest Cost_Difference_with_Baseline?,SPF Specialised Pathogen Facility,['SPF Specialised Pathogen Facility'],"{'answer': 'SPF Specialised Pathogen Facility', 'coordinates': [(7, 0)], 'cells': ['SPF Specialised Pathogen Facility'], 'aggregator': 'NONE'}"
30,30,Number of buildings more than 54094 of Cost_Difference_with_Baseline?,1,1,"{'answer': 'COUNT > Library', 'coordinates': [(1, 0)], 'cells': ['Library'], 'aggregator': 'COUNT'}"
31,31,What are the buildings more than 54094 of Cost_Difference_with_Baseline?,['Library'],['Library'],"{'answer': 'Library', 'coordinates': [(1, 0)], 'cells': ['Library'], 'aggregator': 'NONE'}"
32,32,What is the highest Estimated_Total_Cost?,577613.37,['577613.37'],"{'answer': 'SUM > 577613.37', 'coordinates': [(10, 5)], 'cells': ['577613.37'], 'aggregator': 'SUM'}"
33,33,What is the lowest Estimated_Total_Cost?,316936.34,['316936.34'],"{'answer': 'SUM > 316936.34', 'coordinates': [(6, 5)], 'cells': ['316936.34'], 'aggregator': 'SUM'}"
34,34,What is the sum of Estimated_Total_Cost?,5493253.19,5493253.1899999995,"{'answer': 'SUM > 524809.96, 362777.05, 476720.68, 532866.21, 324031.33, 529838.78, 316936.34, 474278.68, 494190.63, 424143.24, 577613.37, 455046.92', 'coordinates': [(0, 5), (1, 5), (2, 5), (3, 5), (4, 5), (5, 5), (6, 5), (7, 5), (8, 5), (9, 5), (10, 5), (11, 5)], 'cells': ['524809.96', '362777.05', '476720.68', '532866.21', '324031.33', '529838.78', '316936.34', '474278.68', '494190.63', '424143.24', '577613.37', '455046.92'], 'aggregator': 'SUM'}"
35,35,What is the average of Estimated_Total_Cost?,457771.1,457771.0991666666,"{'answer': 'AVERAGE > 524809.96, 362777.05, 476720.68, 532866.21, 324031.33, 529838.78, 316936.34, 474278.68, 494190.63, 424143.24, 577613.37, 455046.92', 'coordinates': [(0, 5), (1, 5), (2, 5), (3, 5), (4, 5), (5, 5), (6, 5), (7, 5), (8, 5), (9, 5), (10, 5), (11, 5)], 'cells': ['524809.96', '362777.05', '476720.68', '532866.21', '324031.33', '529838.78', '316936.34', '474278.68', '494190.63', '424143.24', '577613.37', '455046.92'], 'aggregator': 'AVERAGE'}"
36,36,Which building has highest Estimated_Total_Cost?,Union,['Union'],"{'answer': 'Union', 'coordinates': [(10, 0)], 'cells': ['Union'], 'aggregator': 'NONE'}"
37,37,Which building has lowest Estimated_Total_Cost?,RLR Building,['RLR Building'],"{'answer': 'RLR Building', 'coordinates': [(6, 0)], 'cells': ['RLR Building'], 'aggregator': 'NONE'}"
38,38,Number of buildings more than 553002 of Estimated_Total_Cost?,1,1,"{'answer': 'COUNT > Union', 'coordinates': [(10, 0)], 'cells': ['Union'], 'aggregator': 'COUNT'}"
39,39,What are the buildings more than 553002 of Estimated_Total_Cost?,['Union'],['Union'],"{'answer': 'Union', 'coordinates': [(10, 0)], 'cells': ['Union'], 'aggregator': 'NONE'}"
40,40,What is the highest CO2_Emission_YTD?,938.43,['938.43'],"{'answer': 'SUM > 938.43', 'coordinates': [(3, 6)], 'cells': ['938.43'], 'aggregator': 'SUM'}"
41,41,What is the lowest CO2_Emission_YTD?,503.53,['503.53'],"{'answer': 'SUM > 503.53', 'coordinates': [(4, 6)], 'cells': ['503.53'], 'aggregator': 'SUM'}"
42,42,What is the sum of CO2_Emission_YTD?,7977.73,2726.65,"{'answer': 'SUM > 938.43, 584.86, 615.63, 587.73', 'coordinates': [(3, 6), (8, 6), (9, 6), (10, 6)], 'cells': ['938.43', '584.86', '615.63', '587.73'], 'aggregator': 'SUM'}"
43,43,What is the average of CO2_Emission_YTD?,664.81,664.8108333333333,"{'answer': 'AVERAGE > 926.88, 505.89, 577.48, 938.43, 503.53, 675.26, 741.12, 774.58, 584.86, 615.63, 587.73, 546.34', 'coordinates': [(0, 6), (1, 6), (2, 6), (3, 6), (4, 6), (5, 6), (6, 6), (7, 6), (8, 6), (9, 6), (10, 6), (11, 6)], 'cells': ['926.88', '505.89', '577.48', '938.43', '503.53', '675.26', '741.12', '774.58', '584.86', '615.63', '587.73', '546.34'], 'aggregator': 'AVERAGE'}"
44,44,Which building has highest CO2_Emission_YTD?,LIMS2 Building,['LIMS2 Building'],"{'answer': 'LIMS2 Building', 'coordinates': [(3, 0)], 'cells': ['LIMS2 Building'], 'aggregator': 'NONE'}"
45,45,Which building has lowest CO2_Emission_YTD?,Wildlife Reserve,['Wildlife Reserve'],"{'answer': 'Wildlife Reserve', 'coordinates': [(4, 0)], 'cells': ['Wildlife Reserve'], 'aggregator': 'NONE'}"
46,46,Number of buildings more than 932 of CO2_Emission_YTD?,1,1,"{'answer': 'COUNT > LIMS2 Building', 'coordinates': [(3, 0)], 'cells': ['LIMS2 Building'], 'aggregator': 'COUNT'}"
47,47,What are the buildings more than 932 of CO2_Emission_YTD?,['LIMS2 Building'],['LIMS2 Building'],"{'answer': 'LIMS2 Building', 'coordinates': [(3, 0)], 'cells': ['LIMS2 Building'], 'aggregator': 'NONE'}"
48,48,What is the highest Maximum_Peak_Energy_Consumption?,4974.65,['4974.65'],"{'answer': 'SUM > 4974.65', 'coordinates': [(0, 7)], 'cells': ['4974.65'], 'aggregator': 'SUM'}"
49,49,What is the lowest Maximum_Peak_Energy_Consumption?,3146.87,['3146.87'],"{'answer': 'SUM > 3146.87', 'coordinates': [(4, 7)], 'cells': ['3146.87'], 'aggregator': 'SUM'}"
50,50,What is the sum of Maximum_Peak_Energy_Consumption?,49898.04,49898.04,"{'answer': 'SUM > 4974.65, 3911.4, 3415.59, 4348.39, 3146.87, 4938.76, 4194.74, 3941.94, 4390.99, 3846.51, 4772.22, 4015.98', 'coordinates': [(0, 7), (1, 7), (2, 7), (3, 7), (4, 7), (5, 7), (6, 7), (7, 7), (8, 7), (9, 7), (10, 7), (11, 7)], 'cells': ['4974.65', '3911.4', '3415.59', '4348.39', '3146.87', '4938.76', '4194.74', '3941.94', '4390.99', '3846.51', '4772.22', '4015.98'], 'aggregator': 'SUM'}"
51,51,What is the average of Maximum_Peak_Energy_Consumption?,4158.17,4158.17,"{'answer': 'AVERAGE > 4974.65, 3911.4, 3415.59, 4348.39, 3146.87, 4938.76, 4194.74, 3941.94, 4390.99, 3846.51, 4772.22, 4015.98', 'coordinates': [(0, 7), (1, 7), (2, 7), (3, 7), (4, 7), (5, 7), (6, 7), (7, 7), (8, 7), (9, 7), (10, 7), (11, 7)], 'cells': ['4974.65', '3911.4', '3415.59', '4348.39', '3146.87', '4938.76', '4194.74', '3941.94', '4390.99', '3846.51', '4772.22', '4015.98'], 'aggregator': 'AVERAGE'}"
52,52,Which building has highest Maximum_Peak_Energy_Consumption?,John Scott Meeting House,['John Scott Meeting House'],"{'answer': 'John Scott Meeting House', 'coordinates': [(0, 0)], 'cells': ['John Scott Meeting House'], 'aggregator': 'NONE'}"
53,53,Which building has lowest Maximum_Peak_Energy_Consumption?,Wildlife Reserve,['Wildlife Reserve'],"{'answer': 'Wildlife Reserve', 'coordinates': [(4, 0)], 'cells': ['Wildlife Reserve'], 'aggregator': 'NONE'}"
54,54,Number of buildings more than 4954 of Maximum_Peak_Energy_Consumption?,1,1,"{'answer': 'COUNT > John Scott Meeting House', 'coordinates': [(0, 0)], 'cells': ['John Scott Meeting House'], 'aggregator': 'COUNT'}"
55,55,What are the buildings more than 4954 of Maximum_Peak_Energy_Consumption?,['John Scott Meeting House'],['John Scott Meeting House'],"{'answer': 'John Scott Meeting House', 'coordinates': [(0, 0)], 'cells': ['John Scott Meeting House'], 'aggregator': 'NONE'}"
56,56,What is the Total_Energy_Usage_YTD of John Scott Meeting House?,6273119.56,['11676.16'],"{'answer': 'SUM > 11676.16', 'coordinates': [(0, 3)], 'cells': ['11676.16'], 'aggregator': 'SUM'}"
57,57,What is the Total_Energy_Usage_MTD of John Scott Meeting House?,18946.33,['11676.16'],"{'answer': 'SUM > 11676.16', 'coordinates': [(0, 3)], 'cells': ['11676.16'], 'aggregator': 'SUM'}"
58,58,What is the Total_Energy_Usage_WTD of John Scott Meeting House?,11676.16,['11676.16'],"{'answer': 'SUM > 11676.16', 'coordinates': [(0, 3)], 'cells': ['11676.16'], 'aggregator': 'SUM'}"
59,59,What is the Cost_Difference_with_Baseline of John Scott Meeting House?,50703.44,['50703.44'],"{'answer': 'SUM > 50703.44', 'coordinates': [(0, 4)], 'cells': ['50703.44'], 'aggregator': 'SUM'}"
60,60,What is the Estimated_Total_Cost of John Scott Meeting House?,524809.96,['524809.96'],"{'answer': 'SUM > 524809.96', 'coordinates': [(0, 5)], 'cells': ['524809.96'], 'aggregator': 'SUM'}"
61,61,What is the CO2_Emission_YTD of John Scott Meeting House?,926.88,['926.88'],"{'answer': 'SUM > 926.88', 'coordinates': [(0, 6)], 'cells': ['926.88'], 'aggregator': 'SUM'}"
62,62,What is the Maximum_Peak_Energy_Consumption of John Scott Meeting House?,4974.65,['4974.65'],"{'answer': 'SUM > 4974.65', 'coordinates': [(0, 7)], 'cells': ['4974.65'], 'aggregator': 'SUM'}"
63,63,What is the Total_Energy_Usage_YTD of Library?,5366558.93,['5366558.93'],"{'answer': 'SUM > 5366558.93', 'coordinates': [(1, 1)], 'cells': ['5366558.93'], 'aggregator': 'SUM'}"
64,64,What is the Total_Energy_Usage_MTD of Library?,14343.5,['14343.5'],"{'answer': 'SUM > 14343.5', 'coordinates': [(1, 2)], 'cells': ['14343.5'], 'aggregator': 'SUM'}"
65,65,What is the Total_Energy_Usage_WTD of Library?,9254.44,['9254.44'],"{'answer': 'SUM > 9254.44', 'coordinates': [(1, 3)], 'cells': ['9254.44'], 'aggregator': 'SUM'}"
66,66,What is the Cost_Difference_with_Baseline of Library?,57084.96,['57084.96'],"{'answer': 'SUM > 57084.96', 'coordinates': [(1, 4)], 'cells': ['57084.96'], 'aggregator': 'SUM'}"
67,67,What is the Estimated_Total_Cost of Library?,362777.05,['362777.05'],"{'answer': 'SUM > 362777.05', 'coordinates': [(1, 5)], 'cells': ['362777.05'], 'aggregator': 'SUM'}"
68,68,What is the CO2_Emission_YTD of Library?,505.89,['505.89'],"{'answer': 'SUM > 505.89', 'coordinates': [(1, 6)], 'cells': ['505.89'], 'aggregator': 'SUM'}"
69,69,What is the Maximum_Peak_Energy_Consumption of Library?,3911.4,['3911.4'],"{'answer': 'SUM > 3911.4', 'coordinates': [(1, 7)], 'cells': ['3911.4'], 'aggregator': 'SUM'}"
70,70,What is the Total_Energy_Usage_YTD of LIMS 1?,3715358.6,['15074.48'],"{'answer': 'SUM > 15074.48', 'coordinates': [(2, 2)], 'cells': ['15074.48'], 'aggregator': 'SUM'}"
71,71,What is the Total_Energy_Usage_MTD of LIMS 1?,15074.48,['15074.48'],"{'answer': 'SUM > 15074.48', 'coordinates': [(2, 2)], 'cells': ['15074.48'], 'aggregator': 'SUM'}"
72,72,What is the Total_Energy_Usage_WTD of LIMS 1?,7074.47,['15074.48'],"{'answer': 'SUM > 15074.48', 'coordinates': [(2, 2)], 'cells': ['15074.48'], 'aggregator': 'SUM'}"
73,73,What is the Cost_Difference_with_Baseline of LIMS 1?,46679.24,['46679.24'],"{'answer': 'SUM > 46679.24', 'coordinates': [(2, 4)], 'cells': ['46679.24'], 'aggregator': 'SUM'}"
74,74,What is the Estimated_Total_Cost of LIMS 1?,476720.68,['476720.68'],"{'answer': 'SUM > 476720.68', 'coordinates': [(2, 5)], 'cells': ['476720.68'], 'aggregator': 'SUM'}"
75,75,What is the CO2_Emission_YTD of LIMS 1?,577.48,['577.48'],"{'answer': 'SUM > 577.48', 'coordinates': [(2, 6)], 'cells': ['577.48'], 'aggregator': 'SUM'}"
76,76,What is the Maximum_Peak_Energy_Consumption of LIMS 1?,3415.59,['3415.59'],"{'answer': 'SUM > 3415.59', 'coordinates': [(2, 7)], 'cells': ['3415.59'], 'aggregator': 'SUM'}"
77,77,What is the Total_Energy_Usage_YTD of LIMS2 Building?,4938339.75,['4039.28'],"{'answer': 'SUM > 4039.28', 'coordinates': [(3, 3)], 'cells': ['4039.28'], 'aggregator': 'SUM'}"
78,78,What is the Total_Energy_Usage_MTD of LIMS2 Building?,18400.2,['4039.28'],"{'answer': 'SUM > 4039.28', 'coordinates': [(3, 3)], 'cells': ['4039.28'], 'aggregator': 'SUM'}"
79,79,What is the Total_Energy_Usage_WTD of LIMS2 Building?,4039.28,['4039.28'],"{'answer': 'SUM > 4039.28', 'coordinates': [(3, 3)], 'cells': ['4039.28'], 'aggregator': 'SUM'}"
80,80,What is the Cost_Difference_with_Baseline of LIMS2 Building?,50030.22,['50030.22'],"{'answer': 'SUM > 50030.22', 'coordinates': [(3, 4)], 'cells': ['50030.22'], 'aggregator': 'SUM'}"
81,81,What is the Estimated_Total_Cost of LIMS2 Building?,532866.21,['532866.21'],"{'answer': 'SUM > 532866.21', 'coordinates': [(3, 5)], 'cells': ['532866.21'], 'aggregator': 'SUM'}"
82,82,What is the CO2_Emission_YTD of LIMS2 Building?,938.43,['938.43'],"{'answer': 'SUM > 938.43', 'coordinates': [(3, 6)], 'cells': ['938.43'], 'aggregator': 'SUM'}"
83,83,What is the Maximum_Peak_Energy_Consumption of LIMS2 Building?,4348.39,['4348.39'],"{'answer': 'SUM > 4348.39', 'coordinates': [(3, 7)], 'cells': ['4348.39'], 'aggregator': 'SUM'}"
84,84,What is the Total_Energy_Usage_YTD of Wildlife Reserve?,3370791.68,['3370791.68'],"{'answer': 'SUM > 3370791.68', 'coordinates': [(4, 1)], 'cells': ['3370791.68'], 'aggregator': 'SUM'}"
85,85,What is the Total_Energy_Usage_MTD of Wildlife Reserve?,20318.73,['20318.73'],"{'answer': 'SUM > 20318.73', 'coordinates': [(4, 2)], 'cells': ['20318.73'], 'aggregator': 'SUM'}"
86,86,What is the Total_Energy_Usage_WTD of Wildlife Reserve?,11017.0,['11017.0'],"{'answer': 'SUM > 11017.0', 'coordinates': [(4, 3)], 'cells': ['11017.0'], 'aggregator': 'SUM'}"
87,87,What is the Cost_Difference_with_Baseline of Wildlife Reserve?,47574.59,['47574.59'],"{'answer': 'SUM > 47574.59', 'coordinates': [(4, 4)], 'cells': ['47574.59'], 'aggregator': 'SUM'}"
88,88,What is the Estimated_Total_Cost of Wildlife Reserve?,324031.33,['324031.33'],"{'answer': 'SUM > 324031.33', 'coordinates': [(4, 5)], 'cells': ['324031.33'], 'aggregator': 'SUM'}"
89,89,What is the CO2_Emission_YTD of Wildlife Reserve?,503.53,['503.53'],"{'answer': 'SUM > 503.53', 'coordinates': [(4, 6)], 'cells': ['503.53'], 'aggregator': 'SUM'}"
90,90,What is the Maximum_Peak_Energy_Consumption of Wildlife Reserve?,3146.87,['3146.87'],"{'answer': 'SUM > 3146.87', 'coordinates': [(4, 7)], 'cells': ['3146.87'], 'aggregator': 'SUM'}"
91,91,What is the Total_Energy_Usage_YTD of Peribolos West Building?,5657967.3,['8121.92'],"{'answer': 'SUM > 8121.92', 'coordinates': [(5, 3)], 'cells': ['8121.92'], 'aggregator': 'SUM'}"
92,92,What is the Total_Energy_Usage_MTD of Peribolos West Building?,16306.32,['8121.92'],"{'answer': 'SUM > 8121.92', 'coordinates': [(5, 3)], 'cells': ['8121.92'], 'aggregator': 'SUM'}"
93,93,What is the Total_Energy_Usage_WTD of Peribolos West Building?,8121.92,['8121.92'],"{'answer': 'SUM > 8121.92', 'coordinates': [(5, 3)], 'cells': ['8121.92'], 'aggregator': 'SUM'}"
94,94,What is the Cost_Difference_with_Baseline of Peribolos West Building?,49467.53,['49467.53'],"{'answer': 'SUM > 49467.53', 'coordinates': [(5, 4)], 'cells': ['49467.53'], 'aggregator': 'SUM'}"
95,95,What is the Estimated_Total_Cost of Peribolos West Building?,529838.78,['529838.78'],"{'answer': 'SUM > 529838.78', 'coordinates': [(5, 5)], 'cells': ['529838.78'], 'aggregator': 'SUM'}"
96,96,What is the CO2_Emission_YTD of Peribolos West Building?,675.26,['675.26'],"{'answer': 'SUM > 675.26', 'coordinates': [(5, 6)], 'cells': ['675.26'], 'aggregator': 'SUM'}"
97,97,What is the Maximum_Peak_Energy_Consumption of Peribolos West Building?,4938.76,['4938.76'],"{'answer': 'SUM > 4938.76', 'coordinates': [(5, 7)], 'cells': ['4938.76'], 'aggregator': 'SUM'}"
98,98,What is the Total_Energy_Usage_YTD of RLR Building?,5208297.59,['26017.35'],"{'answer': 'SUM > 26017.35', 'coordinates': [(6, 2)], 'cells': ['26017.35'], 'aggregator': 'SUM'}"
99,99,What is the Total_Energy_Usage_MTD of RLR Building?,26017.35,['26017.35'],"{'answer': 'SUM > 26017.35', 'coordinates': [(6, 2)], 'cells': ['26017.35'], 'aggregator': 'SUM'}"
100,100,What is the Total_Energy_Usage_WTD of RLR Building?,9583.42,['26017.35'],"{'answer': 'SUM > 26017.35', 'coordinates': [(6, 2)], 'cells': ['26017.35'], 'aggregator': 'SUM'}"
101,101,What is the Cost_Difference_with_Baseline of RLR Building?,45893.34,['45893.34'],"{'answer': 'SUM > 45893.34', 'coordinates': [(6, 4)], 'cells': ['45893.34'], 'aggregator': 'SUM'}"
102,102,What is the Estimated_Total_Cost of RLR Building?,316936.34,['316936.34'],"{'answer': 'SUM > 316936.34', 'coordinates': [(6, 5)], 'cells': ['316936.34'], 'aggregator': 'SUM'}"
103,103,What is the CO2_Emission_YTD of RLR Building?,741.12,['741.12'],"{'answer': 'SUM > 741.12', 'coordinates': [(6, 6)], 'cells': ['741.12'], 'aggregator': 'SUM'}"
104,104,What is the Maximum_Peak_Energy_Consumption of RLR Building?,4194.74,['4194.74'],"{'answer': 'SUM > 4194.74', 'coordinates': [(6, 7)], 'cells': ['4194.74'], 'aggregator': 'SUM'}"
105,105,What is the Total_Energy_Usage_YTD of SPF Specialised Pathogen Facility?,5890975.82,['18474.72'],"{'answer': 'SUM > 18474.72', 'coordinates': [(7, 2)], 'cells': ['18474.72'], 'aggregator': 'SUM'}"
106,106,What is the Total_Energy_Usage_MTD of SPF Specialised Pathogen Facility?,18474.72,['18474.72'],"{'answer': 'SUM > 18474.72', 'coordinates': [(7, 2)], 'cells': ['18474.72'], 'aggregator': 'SUM'}"
107,107,What is the Total_Energy_Usage_WTD of SPF Specialised Pathogen Facility?,9812.2,['18474.72'],"{'answer': 'SUM > 18474.72', 'coordinates': [(7, 2)], 'cells': ['18474.72'], 'aggregator': 'SUM'}"
108,108,What is the Cost_Difference_with_Baseline of SPF Specialised Pathogen Facility?,41397.15,['41397.15'],"{'answer': 'SUM > 41397.15', 'coordinates': [(7, 4)], 'cells': ['41397.15'], 'aggregator': 'SUM'}"
109,109,What is the Estimated_Total_Cost of SPF Specialised Pathogen Facility?,474278.68,['474278.68'],"{'answer': 'SUM > 474278.68', 'coordinates': [(7, 5)], 'cells': ['474278.68'], 'aggregator': 'SUM'}"
110,110,What is the CO2_Emission_YTD of SPF Specialised Pathogen Facility?,774.58,['774.58'],"{'answer': 'SUM > 774.58', 'coordinates': [(7, 6)], 'cells': ['774.58'], 'aggregator': 'SUM'}"
111,111,What is the Maximum_Peak_Energy_Consumption of SPF Specialised Pathogen Facility?,3941.94,['3941.94'],"{'answer': 'SUM > 3941.94', 'coordinates': [(7, 7)], 'cells': ['3941.94'], 'aggregator': 'SUM'}"
112,112,What is the Total_Energy_Usage_YTD of Social Sciences Building?,5975943.35,['23848.37'],"{'answer': 'SUM > 23848.37', 'coordinates': [(8, 2)], 'cells': ['23848.37'], 'aggregator': 'SUM'}"
113,113,What is the Total_Energy_Usage_MTD of Social Sciences Building?,23848.37,['23848.37'],"{'answer': 'SUM > 23848.37', 'coordinates': [(8, 2)], 'cells': ['23848.37'], 'aggregator': 'SUM'}"
114,114,What is the Total_Energy_Usage_WTD of Social Sciences Building?,11953.11,['23848.37'],"{'answer': 'SUM > 23848.37', 'coordinates': [(8, 2)], 'cells': ['23848.37'], 'aggregator': 'SUM'}"
115,115,What is the Cost_Difference_with_Baseline of Social Sciences Building?,44898.91,['44898.91'],"{'answer': 'SUM > 44898.91', 'coordinates': [(8, 4)], 'cells': ['44898.91'], 'aggregator': 'SUM'}"
116,116,What is the Estimated_Total_Cost of Social Sciences Building?,494190.63,['494190.63'],"{'answer': 'SUM > 494190.63', 'coordinates': [(8, 5)], 'cells': ['494190.63'], 'aggregator': 'SUM'}"
117,117,What is the CO2_Emission_YTD of Social Sciences Building?,584.86,['584.86'],"{'answer': 'SUM > 584.86', 'coordinates': [(8, 6)], 'cells': ['584.86'], 'aggregator': 'SUM'}"
118,118,What is the Maximum_Peak_Energy_Consumption of Social Sciences Building?,4390.99,['4390.99'],"{'answer': 'SUM > 4390.99', 'coordinates': [(8, 7)], 'cells': ['4390.99'], 'aggregator': 'SUM'}"
119,119,What is the Total_Energy_Usage_YTD of Sylvia Walton Building?,4618991.34,['24660.1'],"{'answer': 'SUM > 24660.1', 'coordinates': [(9, 2)], 'cells': ['24660.1'], 'aggregator': 'SUM'}"
120,120,What is the Total_Energy_Usage_MTD of Sylvia Walton Building?,24660.1,['24660.1'],"{'answer': 'SUM > 24660.1', 'coordinates': [(9, 2)], 'cells': ['24660.1'], 'aggregator': 'SUM'}"
121,121,What is the Total_Energy_Usage_WTD of Sylvia Walton Building?,5526.14,['24660.1'],"{'answer': 'SUM > 24660.1', 'coordinates': [(9, 2)], 'cells': ['24660.1'], 'aggregator': 'SUM'}"
122,122,What is the Cost_Difference_with_Baseline of Sylvia Walton Building?,44587.4,['44587.4'],"{'answer': 'SUM > 44587.4', 'coordinates': [(9, 4)], 'cells': ['44587.4'], 'aggregator': 'SUM'}"
123,123,What is the Estimated_Total_Cost of Sylvia Walton Building?,424143.24,['424143.24'],"{'answer': 'SUM > 424143.24', 'coordinates': [(9, 5)], 'cells': ['424143.24'], 'aggregator': 'SUM'}"
124,124,What is the CO2_Emission_YTD of Sylvia Walton Building?,615.63,['615.63'],"{'answer': 'SUM > 615.63', 'coordinates': [(9, 6)], 'cells': ['615.63'], 'aggregator': 'SUM'}"
125,125,What is the Maximum_Peak_Energy_Consumption of Sylvia Walton Building?,3846.51,['3846.51'],"{'answer': 'SUM > 3846.51', 'coordinates': [(9, 7)], 'cells': ['3846.51'], 'aggregator': 'SUM'}"
126,126,What is the Total_Energy_Usage_YTD of Union?,6485326.38,['6485326.38'],"{'answer': 'SUM > 6485326.38', 'coordinates': [(10, 1)], 'cells': ['6485326.38'], 'aggregator': 'SUM'}"
127,127,What is the Total_Energy_Usage_MTD of Union?,17897.08,['17897.08'],"{'answer': 'SUM > 17897.08', 'coordinates': [(10, 2)], 'cells': ['17897.08'], 'aggregator': 'SUM'}"
128,128,What is the Total_Energy_Usage_WTD of Union?,10885.98,['10885.98'],"{'answer': 'SUM > 10885.98', 'coordinates': [(10, 3)], 'cells': ['10885.98'], 'aggregator': 'SUM'}"
129,129,What is the Cost_Difference_with_Baseline of Union?,51646.93,['51646.93'],"{'answer': 'SUM > 51646.93', 'coordinates': [(10, 4)], 'cells': ['51646.93'], 'aggregator': 'SUM'}"
130,130,What is the Estimated_Total_Cost of Union?,577613.37,['577613.37'],"{'answer': 'SUM > 577613.37', 'coordinates': [(10, 5)], 'cells': ['577613.37'], 'aggregator': 'SUM'}"
131,131,What is the CO2_Emission_YTD of Union?,587.73,['587.73'],"{'answer': 'SUM > 587.73', 'coordinates': [(10, 6)], 'cells': ['587.73'], 'aggregator': 'SUM'}"
132,132,What is the Maximum_Peak_Energy_Consumption of Union?,4772.22,['4772.22'],"{'answer': 'SUM > 4772.22', 'coordinates': [(10, 7)], 'cells': ['4772.22'], 'aggregator': 'SUM'}"
133,133,What is the Total_Energy_Usage_YTD of Zoological Reserve?,6208091.09,['6208091.09'],"{'answer': 'SUM > 6208091.09', 'coordinates': [(11, 1)], 'cells': ['6208091.09'], 'aggregator': 'SUM'}"
134,134,What is the Total_Energy_Usage_MTD of Zoological Reserve?,16367.44,['16367.44'],"{'answer': 'SUM > 16367.44', 'coordinates': [(11, 2)], 'cells': ['16367.44'], 'aggregator': 'SUM'}"
135,135,What is the Total_Energy_Usage_WTD of Zoological Reserve?,7197.43,['7197.43'],"{'answer': 'SUM > 7197.43', 'coordinates': [(11, 3)], 'cells': ['7197.43'], 'aggregator': 'SUM'}"
136,136,What is the Cost_Difference_with_Baseline of Zoological Reserve?,48435.06,['48435.06'],"{'answer': 'SUM > 48435.06', 'coordinates': [(11, 4)], 'cells': ['48435.06'], 'aggregator': 'SUM'}"
137,137,What is the Estimated_Total_Cost of Zoological Reserve?,455046.92,['455046.92'],"{'answer': 'SUM > 455046.92', 'coordinates': [(11, 5)], 'cells': ['455046.92'], 'aggregator': 'SUM'}"
138,138,What is the CO2_Emission_YTD of Zoological Reserve?,546.34,['546.34'],"{'answer': 'SUM > 546.34', 'coordinates': [(11, 6)], 'cells': ['546.34'], 'aggregator': 'SUM'}"
139,139,What is the Maximum_Peak_Energy_Consumption of Zoological Reserve?,4015.98,['4015.98'],"{'answer': 'SUM > 4015.98', 'coordinates': [(11, 7)], 'cells': ['4015.98'], 'aggregator': 'SUM'}"
